,file,train_accuracy,train_accuracy_std,validation_accuracy,validation_accuracy_std,test_accuracy,test_accuracy_std,train_prec,train_prec_std,validation_prec,validation_prec_std,test_prec,test_prec_std,train_recall,train_recall_std,validation_recall,validation_recall_std,test_recall,test_recall_std,train_f1,train_f1_std,validation_f1,validation_f1_std,test_f1,test_f1_std
0,./Data/normalized_5_game_average_final.csv,0.6427925989672978,0.0026820900860165323,0.6379110251450676,0.021879962464029828,0.6177958446251128,0.0019353464575996991,0.6568289879103154,0.0025638454785990657,0.6452066979153158,0.025773809198154585,0.634507105494253,0.0019879226908597436,0.8266115372338078,0.003988809773394416,0.8337965698540767,0.022420663158516718,0.8042834890965732,0.00619195614028067,0.7320027999142498,0.002995757268366151,0.7272157697258929,0.021168568983089435,0.7093618567120699,0.002010854899804425
1,./Data/normalized_10_game_average_final.csv,0.6560025817555938,0.0023713963476718414,0.6570599613152804,0.015378088363869216,0.6420957542908762,0.0021491196483053874,0.6719808895429804,0.0020350366131052936,0.6691632907080074,0.02532118853085047,0.658260418105588,0.002914906074971566,0.8145982794657399,0.00568718072320616,0.8112186664559902,0.018952383143771595,0.7963395638629283,0.004226468396017189,0.7364431050437398,0.003276270238982799,0.7329841767465247,0.016437214923060824,0.7207302918240268,0.0008117388763887494
2,./Data/normalized_15_game_average_final.csv,0.6617039586919105,0.0021411110679216377,0.6649903288201161,0.014417520428305002,0.651535682023487,0.001668740126640573,0.6789096118254838,0.0020002700163721993,0.6868749167927783,0.01884229117894961,0.6665231892141599,0.0014239347448592825,0.8066166949611422,0.004406028389725565,0.8044112579103082,0.018410794548581147,0.7988317757009347,0.006023125015883281,0.737266564442814,0.002145066993927046,0.7407102110104758,0.011558319266723849,0.726690526045738,0.0022155936907792425
